{
    "train_loss": [
        0.5167253787377717,
        0.16542043229256054,
        0.12025934986447942,
        0.09848947134376526,
        0.08712023161023401,
        0.07635725887053121,
        0.06925902281743275,
        0.06245305625237944,
        0.05887169051677887,
        0.054786505001131997,
        0.04923758872768674,
        0.047193328977766076,
        0.04399051286486503,
        0.042086154627666135,
        0.040627540730094974,
        0.036155980034986226
    ],
    "train_acc": [
        83.38148148148149,
        95.0425925925926,
        96.40925925925926,
        97.0037037037037,
        97.32222222222222,
        97.68148148148148,
        97.84074074074074,
        98.03518518518518,
        98.12037037037037,
        98.31296296296296,
        98.44444444444444,
        98.52777777777777,
        98.62407407407407,
        98.65925925925926,
        98.73333333333333,
        98.81666666666666
    ],
    "val_loss": [
        0.14867806573338965,
        0.11340764521601353,
        0.0923917130170826,
        0.07883061703413408,
        0.08026449777126471,
        0.06989258608008002,
        0.06801329702733362,
        0.07213446688640149,
        0.06815251296366308,
        0.07365450473437879,
        0.06738565819142288,
        0.05876559205848644,
        0.06382400273875471,
        0.06519163190139497,
        0.07409838867309365,
        0.07213757346084519
    ],
    "val_acc": [
        95.58333333333333,
        96.5,
        97.08333333333333,
        97.63333333333334,
        97.45,
        98.0,
        97.95,
        97.78333333333333,
        97.9,
        98.0,
        98.1,
        98.3,
        98.31666666666666,
        98.28333333333333,
        98.0,
        98.05
    ],
    "test_acc": 98.33,
    "test_loss": 0.05549602444636061
}