{
    "train_loss": [
        0.9178950081143198,
        0.3076820152847073,
        0.22965570614684985,
        0.22189356961959525,
        0.19005375704433344,
        0.16096284032999714,
        0.1482326155410537,
        0.14034522570009472,
        0.13386265660011315,
        0.12118109065709234
    ],
    "train_acc": [
        77.22,
        93.42,
        94.16,
        94.76,
        94.58,
        95.46,
        95.9,
        96.12,
        96.58,
        96.6
    ],
    "val_loss": [
        0.37051223731040955,
        0.25091310453414917,
        0.21974413394927977,
        0.1940173507332802,
        0.2001493484377861,
        0.17635482358932494,
        0.17007612991333007,
        0.1726491430401802,
        0.1601127086877823,
        0.1625164920091629
    ],
    "val_acc": [
        92.5375,
        94.05,
        93.875,
        94.1375,
        93.7,
        94.5375,
        94.35,
        94.5625,
        94.75,
        94.4125
    ],
    "test_acc": 94.4125,
    "test_loss": 0.1625164920091629
}