{
    "train_loss": [
        0.4526802423427773,
        0.14399826153009354,
        0.10686478154707293,
        0.08572813066912117,
        0.07428651883088105,
        0.0665952807962144,
        0.06187668877145633,
        0.05688364899364715,
        0.05181062264672494,
        0.04636702706486426,
        0.04428942288190427,
        0.04299356120808758,
        0.03758006941686647,
        0.03566491882930845,
        0.035209906248559776,
        0.031131878300731056,
        0.031140718677561036,
        0.02808344388632098,
        0.02738697113235723,
        0.026701825210736746
    ],
    "train_acc": [
        88.34814814814816,
        96.24444444444444,
        97.05185185185185,
        97.61481481481482,
        97.9037037037037,
        98.13333333333334,
        98.26851851851852,
        98.31851851851852,
        98.52962962962962,
        98.62777777777778,
        98.69814814814815,
        98.71851851851852,
        98.86851851851851,
        98.93148148148148,
        98.95370370370371,
        99.04074074074074,
        99.04629629629629,
        99.12962962962963,
        99.16111111111111,
        99.19259259259259
    ],
    "val_loss": [
        0.16646341902223674,
        0.11615213829072867,
        0.09859905225482393,
        0.07380290450825494,
        0.06790788007028242,
        0.06694343399585899,
        0.05883325015732206,
        0.06539651420477659,
        0.058163614599950654,
        0.05670261630059921,
        0.051308429953543115,
        0.050299279366377146,
        0.0495615182662732,
        0.04982861149727932,
        0.04829563181254421,
        0.0470124463484721,
        0.05315961701559532,
        0.045549974784003,
        0.05059283051919687,
        0.0447920032700572
    ],
    "val_acc": [
        95.75,
        96.81666666666666,
        97.26666666666667,
        98.13333333333334,
        98.15,
        98.23333333333333,
        98.46666666666667,
        98.21666666666667,
        98.53333333333333,
        98.66666666666667,
        98.65,
        98.83333333333333,
        98.65,
        98.81666666666666,
        98.88333333333334,
        98.83333333333333,
        98.7,
        98.93333333333334,
        98.83333333333333,
        98.96666666666667
    ],
    "biased_test_acc": 99.15,
    "unbiased_test_acc": 88.02
}