{"train_loss": [0.7709825283035319, 0.8045717100513742, 0.878917915389893, 0.9277098321534217, 0.94937937659152, 0.9500333362437309, 0.9331971067697444, 0.9029285299017075, 0.8768873655415595, 0.8489452359524179, 0.8267261205201454, 0.7860329182858162, 0.7578335008088578, 0.7273976194097641, 0.7014232810507429, 0.6741999262507926, 0.6530837568830936, 0.6355295718667355, 0.6270475148203525, 0.6224192734411422], "train_acc": [74.11666666666666, 72.91666666666667, 70.80416666666666, 69.18541666666667, 68.37916666666666, 68.56666666666666, 69.11666666666666, 70.17083333333333, 70.91666666666667, 71.81458333333333, 72.75208333333333, 73.92708333333333, 74.68125, 75.78333333333333, 76.5375, 77.27083333333333, 78.01666666666667, 78.43333333333334, 78.94791666666667, 79.11458333333333], "val_loss": [0.6893857616059323, 0.7598502356955346, 0.8586801341239442, 0.8571102213352284, 0.8217259239643178, 0.9162623184792539, 0.8240746132870937, 0.7885079066804115, 0.7907188915191813, 0.7743645868402846, 0.7397765948417339, 0.6938875254164351, 0.6884273797907727, 0.6681064633612938, 0.6527768259352826, 0.6329086258056316, 0.6165085460277314, 0.6014755393596406, 0.5969418712118839, 0.5968960929424205], "val_acc": [77.375, 75.55, 72.60833333333333, 72.53333333333333, 73.63333333333334, 72.39166666666667, 73.45, 75.11666666666666, 74.91666666666667, 75.3, 76.45, 78.0, 78.15833333333333, 78.76666666666667, 79.25, 80.28333333333333, 80.625, 81.025, 81.275, 81.21666666666667], "lr": [0.0008019657213481834, 0.0016268110659533306, 0.0027531360164959897, 0.0038786192163867616, 0.004701165246674291, 0.004999998219124358, 0.004936654667445999, 0.004751128329762481, 0.004452722271335774, 0.00405639981797058, 0.0035820342323770716, 0.003053412185795093, 0.002497040994973698, 0.0019408194346244411, 0.001412638776362203, 0.0009389842038826074, 0.0005436067352590357, 0.00024633224772080376, 6.206732538323423e-05, 5.17808756423852e-08]}