{"train_loss": [1.1953390703201294, 0.8863337095578512, 0.7693634363810221, 0.6794810163180033, 0.6036369527975718, 0.5388238588174185, 0.4792303388118744, 0.4260422509908676, 0.3775696736574173, 0.3316571360429128, 0.29377221103509266], "train_acc": [61.43958333333333, 71.44583333333334, 75.12916666666666, 78.10208333333334, 80.3625, 82.44583333333334, 84.18125, 85.975, 87.49583333333334, 89.07708333333333, 90.20416666666667], "val_loss": [0.9652625943752046, 0.9032014906406403, 0.8391945805955441, 0.8202961416954689, 0.7883702903351886, 0.7630934337986276, 0.7769413076816721, 0.8024300235383054, 0.7902841193878904, 0.8107544209094758, 0.8604263330393649], "val_acc": [69.25, 70.80833333333334, 73.125, 73.99166666666666, 75.125, 76.61666666666666, 76.05833333333334, 75.5, 76.64166666666667, 76.28333333333333, 76.375], "lr": [0.001, 0.001, 0.001, 0.001, 0.001, 0.001, 0.001, 0.001, 0.001, 0.001, 0.001]}