{"train_loss": [1.0369626228014628, 0.7844428262710571, 0.6763630199432373, 0.6018192963600159, 0.5455622818470002, 0.49202831721305845, 0.44098165293534597, 0.3921908900737762, 0.3648172893921534, 0.3308241079648336, 0.29910756345589956, 0.27145479214191437, 0.24948696666955947], "train_acc": [65.8875, 73.86666666666666, 77.35625, 79.53333333333333, 81.48958333333333, 83.39375, 85.02916666666667, 86.52291666666666, 87.56875, 88.72708333333334, 89.77083333333333, 90.8375, 91.44583333333334], "val_loss": [0.8580847128908685, 0.783396138155714, 0.7559766465045036, 0.747618834389017, 0.7445583349846779, 0.7494732065403715, 0.7706834911666018, 0.7941691533048102, 0.8031955735480532, 0.8593007101023451, 0.898009975539877, 0.900255836704944, 0.9427967547102177], "val_acc": [71.55833333333334, 73.725, 75.2, 75.73333333333333, 76.375, 76.425, 76.41666666666667, 76.65, 76.95, 76.80833333333334, 75.53333333333333, 76.15, 75.94166666666666], "lr": [0.001, 0.001, 0.001, 0.001, 0.001, 0.001, 0.001, 0.001, 0.001, 0.001, 0.001, 0.001, 0.001]}